-- user03 2026-02 realistic usage dataset
begin;
set local search_path to payv_app;
update users set display_name='김민수', is_active=true, updated_at=now() where user_id='2d2f6732-66f8-4cca-ad96-a918fed8c439';
delete from notification_dispatch_log where owner_user_id = '2d2f6732-66f8-4cca-ad96-a918fed8c439';
delete from notification where owner_user_id = '2d2f6732-66f8-4cca-ad96-a918fed8c439';
delete from fixed_expense_execution where owner_user_id = '2d2f6732-66f8-4cca-ad96-a918fed8c439';
delete from fixed_expense_definition where owner_user_id = '2d2f6732-66f8-4cca-ad96-a918fed8c439';
delete from transfer where owner_user_id = '2d2f6732-66f8-4cca-ad96-a918fed8c439';
delete from transaction_tag where owner_user_id = '2d2f6732-66f8-4cca-ad96-a918fed8c439';
delete from attachment where owner_user_id = '2d2f6732-66f8-4cca-ad96-a918fed8c439';
delete from transaction where owner_user_id = '2d2f6732-66f8-4cca-ad96-a918fed8c439';
delete from budget where owner_user_id = '2d2f6732-66f8-4cca-ad96-a918fed8c439';
delete from tag where owner_user_id = '2d2f6732-66f8-4cca-ad96-a918fed8c439';
delete from category where owner_user_id = '2d2f6732-66f8-4cca-ad96-a918fed8c439';
delete from asset where owner_user_id = '2d2f6732-66f8-4cca-ad96-a918fed8c439';
insert into category (category_id, owner_user_id, name, parent_id, depth, is_system, is_active, created_at, updated_at) values
('cat03_r_food','2d2f6732-66f8-4cca-ad96-a918fed8c439','식비',null,1,false,true,now(),now()),
('cat03_r_transport','2d2f6732-66f8-4cca-ad96-a918fed8c439','교통',null,1,false,true,now(),now()),
('cat03_r_life','2d2f6732-66f8-4cca-ad96-a918fed8c439','생활/여가',null,1,false,true,now(),now()),
('cat03_r_housing','2d2f6732-66f8-4cca-ad96-a918fed8c439','주거/통신',null,1,false,true,now(),now()),
('cat03_r_health','2d2f6732-66f8-4cca-ad96-a918fed8c439','건강/자기관리',null,1,false,true,now(),now()),
('cat03_r_income','2d2f6732-66f8-4cca-ad96-a918fed8c439','수입',null,1,false,true,now(),now()),
('cat03_c_food_grocery','2d2f6732-66f8-4cca-ad96-a918fed8c439','장보기','cat03_r_food',2,false,true,now(),now()),
('cat03_c_food_dining','2d2f6732-66f8-4cca-ad96-a918fed8c439','외식','cat03_r_food',2,false,true,now(),now()),
('cat03_c_food_coffee','2d2f6732-66f8-4cca-ad96-a918fed8c439','카페/커피','cat03_r_food',2,false,true,now(),now()),
('cat03_c_trans_public','2d2f6732-66f8-4cca-ad96-a918fed8c439','대중교통','cat03_r_transport',2,false,true,now(),now()),
('cat03_c_trans_taxi','2d2f6732-66f8-4cca-ad96-a918fed8c439','택시/대리','cat03_r_transport',2,false,true,now(),now()),
('cat03_c_trans_fuel','2d2f6732-66f8-4cca-ad96-a918fed8c439','주유/주차','cat03_r_transport',2,false,true,now(),now()),
('cat03_c_life_shopping','2d2f6732-66f8-4cca-ad96-a918fed8c439','쇼핑','cat03_r_life',2,false,true,now(),now()),
('cat03_c_life_culture','2d2f6732-66f8-4cca-ad96-a918fed8c439','문화/여가','cat03_r_life',2,false,true,now(),now()),
('cat03_c_life_event','2d2f6732-66f8-4cca-ad96-a918fed8c439','경조사/기타','cat03_r_life',2,false,true,now(),now()),
('cat03_c_house_rent','2d2f6732-66f8-4cca-ad96-a918fed8c439','월세/관리비','cat03_r_housing',2,false,true,now(),now()),
('cat03_c_house_phone','2d2f6732-66f8-4cca-ad96-a918fed8c439','통신비','cat03_r_housing',2,false,true,now(),now()),
('cat03_c_house_sub','2d2f6732-66f8-4cca-ad96-a918fed8c439','구독/공과금','cat03_r_housing',2,false,true,now(),now()),
('cat03_c_health_hospital','2d2f6732-66f8-4cca-ad96-a918fed8c439','병원/약국','cat03_r_health',2,false,true,now(),now()),
('cat03_c_health_fitness','2d2f6732-66f8-4cca-ad96-a918fed8c439','운동','cat03_r_health',2,false,true,now(),now()),
('cat03_c_health_beauty','2d2f6732-66f8-4cca-ad96-a918fed8c439','미용','cat03_r_health',2,false,true,now(),now()),
('cat03_c_income_salary','2d2f6732-66f8-4cca-ad96-a918fed8c439','월급','cat03_r_income',2,false,true,now(),now()),
('cat03_c_income_bonus','2d2f6732-66f8-4cca-ad96-a918fed8c439','상여/성과급','cat03_r_income',2,false,true,now(),now()),
('cat03_c_income_etc','2d2f6732-66f8-4cca-ad96-a918fed8c439','기타수입','cat03_r_income',2,false,true,now(),now())
on conflict (category_id) do update set owner_user_id=excluded.owner_user_id, name=excluded.name, parent_id=excluded.parent_id, depth=excluded.depth, is_system=excluded.is_system, is_active=excluded.is_active, updated_at=now();
insert into tag (tag_id, owner_user_id, name, is_active, created_at, updated_at) values
('tag03_fixed','2d2f6732-66f8-4cca-ad96-a918fed8c439','고정비',true,now(),now()),
('tag03_lunch','2d2f6732-66f8-4cca-ad96-a918fed8c439','회사점심',true,now(),now()),
('tag03_date','2d2f6732-66f8-4cca-ad96-a918fed8c439','데이트',true,now(),now()),
('tag03_weekend','2d2f6732-66f8-4cca-ad96-a918fed8c439','주말',true,now(),now()),
('tag03_health','2d2f6732-66f8-4cca-ad96-a918fed8c439','건강관리',true,now(),now()),
('tag03_subs','2d2f6732-66f8-4cca-ad96-a918fed8c439','구독',true,now(),now()),
('tag03_transport','2d2f6732-66f8-4cca-ad96-a918fed8c439','교통비',true,now(),now()),
('tag03_grocery','2d2f6732-66f8-4cca-ad96-a918fed8c439','장보기',true,now(),now()),
('tag03_emergency','2d2f6732-66f8-4cca-ad96-a918fed8c439','비상지출',true,now(),now()),
('tag03_work','2d2f6732-66f8-4cca-ad96-a918fed8c439','업무',true,now(),now())
on conflict (tag_id) do update set owner_user_id=excluded.owner_user_id, name=excluded.name, is_active=excluded.is_active, updated_at=now();
insert into asset (asset_id, owner_user_id, name, asset_type, is_active, created_at, updated_at) values
('ast03_card_main','2d2f6732-66f8-4cca-ad96-a918fed8c439','신한 메인카드','CARD',true,now(),now()),
('ast03_card_sub','2d2f6732-66f8-4cca-ad96-a918fed8c439','현대 서브카드','CARD',true,now(),now()),
('ast03_cash_wallet','2d2f6732-66f8-4cca-ad96-a918fed8c439','지갑 현금','CASH',true,now(),now()),
('ast03_bank_checking','2d2f6732-66f8-4cca-ad96-a918fed8c439','주거래 입출금','BANK_ACCOUNT',true,now(),now()),
('ast03_bank_savings','2d2f6732-66f8-4cca-ad96-a918fed8c439','비상금 통장','BANK_ACCOUNT',true,now(),now())
on conflict (asset_id) do update set owner_user_id=excluded.owner_user_id, name=excluded.name, asset_type=excluded.asset_type, is_active=excluded.is_active, updated_at=now();
insert into budget (budget_id, owner_user_id, target_month, amount_limit, category_id, memo, is_active, created_at, updated_at) values
('bud03_overall_2026_02','2d2f6732-66f8-4cca-ad96-a918fed8c439','2026-02',3500000,null,'2026-02 전체 예산',true,now(),now()),
('bud03_food_2026_02','2d2f6732-66f8-4cca-ad96-a918fed8c439','2026-02',900000,'cat03_r_food','식비 예산',true,now(),now()),
('bud03_transport_2026_02','2d2f6732-66f8-4cca-ad96-a918fed8c439','2026-02',260000,'cat03_r_transport','교통 예산',true,now(),now()),
('bud03_life_2026_02','2d2f6732-66f8-4cca-ad96-a918fed8c439','2026-02',500000,'cat03_r_life','생활/여가 예산',true,now(),now()),
('bud03_housing_2026_02','2d2f6732-66f8-4cca-ad96-a918fed8c439','2026-02',1450000,'cat03_r_housing','주거/통신 예산',true,now(),now()),
('bud03_health_2026_02','2d2f6732-66f8-4cca-ad96-a918fed8c439','2026-02',300000,'cat03_r_health','건강/자기관리 예산',true,now(),now())
on conflict (budget_id) do update set owner_user_id=excluded.owner_user_id, target_month=excluded.target_month, amount_limit=excluded.amount_limit, category_id=excluded.category_id, memo=excluded.memo, is_active=excluded.is_active, updated_at=now();
insert into fixed_expense_definition (definition_id, owner_user_id, name, amount, asset_id, category_id_level1, category_id_level2, memo, cycle, day_of_month, is_end_of_month, is_active, created_at, updated_at) values
('fxd03_rent','2d2f6732-66f8-4cca-ad96-a918fed8c439','월세',950000,'ast03_bank_checking','cat03_r_housing','cat03_c_house_rent','오피스텔 월세','MONTHLY',1,false,true,now(),now()),
('fxd03_phone','2d2f6732-66f8-4cca-ad96-a918fed8c439','휴대폰 요금',65000,'ast03_bank_checking','cat03_r_housing','cat03_c_house_phone','통신사 자동이체','MONTHLY',10,false,true,now(),now()),
('fxd03_insurance','2d2f6732-66f8-4cca-ad96-a918fed8c439','보험료',128000,'ast03_bank_checking','cat03_r_health','cat03_c_health_hospital','실손+건강보험','MONTHLY',15,false,true,now(),now()),
('fxd03_gym','2d2f6732-66f8-4cca-ad96-a918fed8c439','헬스장',55000,'ast03_card_main','cat03_r_health','cat03_c_health_fitness','헬스 이용권','MONTHLY',3,false,true,now(),now()),
('fxd03_ott','2d2f6732-66f8-4cca-ad96-a918fed8c439','OTT 구독',17000,'ast03_card_sub','cat03_r_housing','cat03_c_house_sub','영상 구독','MONTHLY',20,false,true,now(),now())
on conflict (definition_id) do update set owner_user_id=excluded.owner_user_id, name=excluded.name, amount=excluded.amount, asset_id=excluded.asset_id, category_id_level1=excluded.category_id_level1, category_id_level2=excluded.category_id_level2, memo=excluded.memo, cycle=excluded.cycle, day_of_month=excluded.day_of_month, is_end_of_month=excluded.is_end_of_month, is_active=excluded.is_active, updated_at=now();
insert into transaction (transaction_id, owner_user_id, transaction_type, amount, transaction_date, asset_id, memo, category_id_level1, category_id_level2, source_type, fixed_cost_template_id) values
('tx03_20260205_salary','2d2f6732-66f8-4cca-ad96-a918fed8c439','INCOME',4200000,date '2026-02-05','ast03_bank_checking','2월 급여 입금','cat03_r_income','cat03_c_income_salary','MANUAL',null),
('tx03_20260214_side','2d2f6732-66f8-4cca-ad96-a918fed8c439','INCOME',180000,date '2026-02-14','ast03_bank_checking','중고거래 수입','cat03_r_income','cat03_c_income_etc','MANUAL',null),
('tx03_20260226_bonus','2d2f6732-66f8-4cca-ad96-a918fed8c439','INCOME',350000,date '2026-02-26','ast03_bank_checking','프로젝트 성과급','cat03_r_income','cat03_c_income_bonus','MANUAL',null),
('tx03_20260201_rent','2d2f6732-66f8-4cca-ad96-a918fed8c439','EXPENSE',950000,date '2026-02-01','ast03_bank_checking','월세','cat03_r_housing','cat03_c_house_rent','FIXED_COST_AUTO','fxd03_rent'),
('tx03_20260210_phone','2d2f6732-66f8-4cca-ad96-a918fed8c439','EXPENSE',65000,date '2026-02-10','ast03_bank_checking','휴대폰 요금','cat03_r_housing','cat03_c_house_phone','FIXED_COST_AUTO','fxd03_phone'),
('tx03_20260215_insurance','2d2f6732-66f8-4cca-ad96-a918fed8c439','EXPENSE',128000,date '2026-02-15','ast03_bank_checking','보험료','cat03_r_health','cat03_c_health_hospital','FIXED_COST_AUTO','fxd03_insurance'),
('tx03_20260203_gym','2d2f6732-66f8-4cca-ad96-a918fed8c439','EXPENSE',55000,date '2026-02-03','ast03_card_main','헬스장','cat03_r_health','cat03_c_health_fitness','FIXED_COST_AUTO','fxd03_gym'),
('tx03_20260220_ott','2d2f6732-66f8-4cca-ad96-a918fed8c439','EXPENSE',17000,date '2026-02-20','ast03_card_sub','OTT 구독','cat03_r_housing','cat03_c_house_sub','FIXED_COST_AUTO','fxd03_ott'),
('tx03_20260201_01','2d2f6732-66f8-4cca-ad96-a918fed8c439','EXPENSE',32000,date '2026-02-01','ast03_card_sub','주말 외식/데이트','cat03_r_food','cat03_c_food_dining','MANUAL',null),
('tx03_20260202_01','2d2f6732-66f8-4cca-ad96-a918fed8c439','EXPENSE',13000,date '2026-02-02','ast03_cash_wallet','회사 근처 점심','cat03_r_food','cat03_c_food_dining','MANUAL',null),
('tx03_20260202_02','2d2f6732-66f8-4cca-ad96-a918fed8c439','EXPENSE',3400,date '2026-02-02','ast03_card_sub','출퇴근 대중교통','cat03_r_transport','cat03_c_trans_public','MANUAL',null),
('tx03_20260203_01','2d2f6732-66f8-4cca-ad96-a918fed8c439','EXPENSE',10000,date '2026-02-03','ast03_cash_wallet','회사 근처 점심','cat03_r_food','cat03_c_food_dining','MANUAL',null),
('tx03_20260203_02','2d2f6732-66f8-4cca-ad96-a918fed8c439','EXPENSE',4900,date '2026-02-03','ast03_cash_wallet','오후 커피','cat03_r_food','cat03_c_food_coffee','MANUAL',null),
('tx03_20260203_03','2d2f6732-66f8-4cca-ad96-a918fed8c439','EXPENSE',3400,date '2026-02-03','ast03_card_sub','출퇴근 대중교통','cat03_r_transport','cat03_c_trans_public','MANUAL',null),
('tx03_20260204_01','2d2f6732-66f8-4cca-ad96-a918fed8c439','EXPENSE',10500,date '2026-02-04','ast03_cash_wallet','회사 근처 점심','cat03_r_food','cat03_c_food_dining','MANUAL',null),
('tx03_20260204_02','2d2f6732-66f8-4cca-ad96-a918fed8c439','EXPENSE',3400,date '2026-02-04','ast03_card_sub','출퇴근 대중교통','cat03_r_transport','cat03_c_trans_public','MANUAL',null),
('tx03_20260205_01','2d2f6732-66f8-4cca-ad96-a918fed8c439','EXPENSE',10500,date '2026-02-05','ast03_cash_wallet','회사 근처 점심','cat03_r_food','cat03_c_food_dining','MANUAL',null),
('tx03_20260205_02','2d2f6732-66f8-4cca-ad96-a918fed8c439','EXPENSE',5500,date '2026-02-05','ast03_card_main','오후 커피','cat03_r_food','cat03_c_food_coffee','MANUAL',null),
('tx03_20260205_03','2d2f6732-66f8-4cca-ad96-a918fed8c439','EXPENSE',3400,date '2026-02-05','ast03_card_sub','출퇴근 대중교통','cat03_r_transport','cat03_c_trans_public','MANUAL',null),
('tx03_20260206_01','2d2f6732-66f8-4cca-ad96-a918fed8c439','EXPENSE',10000,date '2026-02-06','ast03_cash_wallet','회사 근처 점심','cat03_r_food','cat03_c_food_dining','MANUAL',null),
('tx03_20260206_02','2d2f6732-66f8-4cca-ad96-a918fed8c439','EXPENSE',3400,date '2026-02-06','ast03_card_sub','출퇴근 대중교통','cat03_r_transport','cat03_c_trans_public','MANUAL',null),
('tx03_20260207_01','2d2f6732-66f8-4cca-ad96-a918fed8c439','EXPENSE',28000,date '2026-02-07','ast03_card_main','주말 장보기','cat03_r_food','cat03_c_food_grocery','MANUAL',null),
('tx03_20260207_02','2d2f6732-66f8-4cca-ad96-a918fed8c439','EXPENSE',32000,date '2026-02-07','ast03_card_sub','주말 외식/데이트','cat03_r_food','cat03_c_food_dining','MANUAL',null),
('tx03_20260208_01','2d2f6732-66f8-4cca-ad96-a918fed8c439','EXPENSE',56000,date '2026-02-08','ast03_card_sub','주말 외식/데이트','cat03_r_food','cat03_c_food_dining','MANUAL',null),
('tx03_20260209_01','2d2f6732-66f8-4cca-ad96-a918fed8c439','EXPENSE',10500,date '2026-02-09','ast03_card_main','회사 근처 점심','cat03_r_food','cat03_c_food_dining','MANUAL',null),
('tx03_20260209_02','2d2f6732-66f8-4cca-ad96-a918fed8c439','EXPENSE',3800,date '2026-02-09','ast03_cash_wallet','오후 커피','cat03_r_food','cat03_c_food_coffee','MANUAL',null),
('tx03_20260209_03','2d2f6732-66f8-4cca-ad96-a918fed8c439','EXPENSE',3400,date '2026-02-09','ast03_card_sub','출퇴근 대중교통','cat03_r_transport','cat03_c_trans_public','MANUAL',null),
('tx03_20260210_01','2d2f6732-66f8-4cca-ad96-a918fed8c439','EXPENSE',10000,date '2026-02-10','ast03_card_sub','회사 근처 점심','cat03_r_food','cat03_c_food_dining','MANUAL',null),
('tx03_20260210_02','2d2f6732-66f8-4cca-ad96-a918fed8c439','EXPENSE',6000,date '2026-02-10','ast03_card_main','오후 커피','cat03_r_food','cat03_c_food_coffee','MANUAL',null),
('tx03_20260210_03','2d2f6732-66f8-4cca-ad96-a918fed8c439','EXPENSE',3400,date '2026-02-10','ast03_card_sub','출퇴근 대중교통','cat03_r_transport','cat03_c_trans_public','MANUAL',null),
('tx03_20260211_01','2d2f6732-66f8-4cca-ad96-a918fed8c439','EXPENSE',12000,date '2026-02-11','ast03_card_sub','회사 근처 점심','cat03_r_food','cat03_c_food_dining','MANUAL',null),
('tx03_20260211_02','2d2f6732-66f8-4cca-ad96-a918fed8c439','EXPENSE',6000,date '2026-02-11','ast03_cash_wallet','오후 커피','cat03_r_food','cat03_c_food_coffee','MANUAL',null),
('tx03_20260211_03','2d2f6732-66f8-4cca-ad96-a918fed8c439','EXPENSE',3400,date '2026-02-11','ast03_card_sub','출퇴근 대중교통','cat03_r_transport','cat03_c_trans_public','MANUAL',null),
('tx03_20260212_01','2d2f6732-66f8-4cca-ad96-a918fed8c439','EXPENSE',9500,date '2026-02-12','ast03_card_sub','회사 근처 점심','cat03_r_food','cat03_c_food_dining','MANUAL',null),
('tx03_20260212_02','2d2f6732-66f8-4cca-ad96-a918fed8c439','EXPENSE',5500,date '2026-02-12','ast03_card_main','오후 커피','cat03_r_food','cat03_c_food_coffee','MANUAL',null),
('tx03_20260212_03','2d2f6732-66f8-4cca-ad96-a918fed8c439','EXPENSE',3400,date '2026-02-12','ast03_card_sub','출퇴근 대중교통','cat03_r_transport','cat03_c_trans_public','MANUAL',null),
('tx03_20260213_01','2d2f6732-66f8-4cca-ad96-a918fed8c439','EXPENSE',12000,date '2026-02-13','ast03_card_main','회사 근처 점심','cat03_r_food','cat03_c_food_dining','MANUAL',null),
('tx03_20260213_02','2d2f6732-66f8-4cca-ad96-a918fed8c439','EXPENSE',4500,date '2026-02-13','ast03_card_main','오후 커피','cat03_r_food','cat03_c_food_coffee','MANUAL',null),
('tx03_20260213_03','2d2f6732-66f8-4cca-ad96-a918fed8c439','EXPENSE',3400,date '2026-02-13','ast03_card_sub','출퇴근 대중교통','cat03_r_transport','cat03_c_trans_public','MANUAL',null),
('tx03_20260214_01','2d2f6732-66f8-4cca-ad96-a918fed8c439','EXPENSE',35000,date '2026-02-14','ast03_card_main','주말 장보기','cat03_r_food','cat03_c_food_grocery','MANUAL',null),
('tx03_20260214_02','2d2f6732-66f8-4cca-ad96-a918fed8c439','EXPENSE',32000,date '2026-02-14','ast03_card_sub','주말 외식/데이트','cat03_r_food','cat03_c_food_dining','MANUAL',null),
('tx03_20260216_01','2d2f6732-66f8-4cca-ad96-a918fed8c439','EXPENSE',9500,date '2026-02-16','ast03_cash_wallet','회사 근처 점심','cat03_r_food','cat03_c_food_dining','MANUAL',null),
('tx03_20260216_02','2d2f6732-66f8-4cca-ad96-a918fed8c439','EXPENSE',5500,date '2026-02-16','ast03_cash_wallet','오후 커피','cat03_r_food','cat03_c_food_coffee','MANUAL',null),
('tx03_20260216_03','2d2f6732-66f8-4cca-ad96-a918fed8c439','EXPENSE',3400,date '2026-02-16','ast03_card_sub','출퇴근 대중교통','cat03_r_transport','cat03_c_trans_public','MANUAL',null),
('tx03_20260217_01','2d2f6732-66f8-4cca-ad96-a918fed8c439','EXPENSE',11000,date '2026-02-17','ast03_card_main','회사 근처 점심','cat03_r_food','cat03_c_food_dining','MANUAL',null),
('tx03_20260217_02','2d2f6732-66f8-4cca-ad96-a918fed8c439','EXPENSE',3800,date '2026-02-17','ast03_card_main','오후 커피','cat03_r_food','cat03_c_food_coffee','MANUAL',null),
('tx03_20260217_03','2d2f6732-66f8-4cca-ad96-a918fed8c439','EXPENSE',3400,date '2026-02-17','ast03_card_sub','출퇴근 대중교통','cat03_r_transport','cat03_c_trans_public','MANUAL',null),
('tx03_20260218_01','2d2f6732-66f8-4cca-ad96-a918fed8c439','EXPENSE',10500,date '2026-02-18','ast03_card_main','회사 근처 점심','cat03_r_food','cat03_c_food_dining','MANUAL',null),
('tx03_20260218_02','2d2f6732-66f8-4cca-ad96-a918fed8c439','EXPENSE',5500,date '2026-02-18','ast03_card_main','오후 커피','cat03_r_food','cat03_c_food_coffee','MANUAL',null),
('tx03_20260218_03','2d2f6732-66f8-4cca-ad96-a918fed8c439','EXPENSE',3400,date '2026-02-18','ast03_card_sub','출퇴근 대중교통','cat03_r_transport','cat03_c_trans_public','MANUAL',null),
('tx03_20260219_01','2d2f6732-66f8-4cca-ad96-a918fed8c439','EXPENSE',13000,date '2026-02-19','ast03_card_sub','회사 근처 점심','cat03_r_food','cat03_c_food_dining','MANUAL',null),
('tx03_20260219_02','2d2f6732-66f8-4cca-ad96-a918fed8c439','EXPENSE',4200,date '2026-02-19','ast03_cash_wallet','오후 커피','cat03_r_food','cat03_c_food_coffee','MANUAL',null),
('tx03_20260219_03','2d2f6732-66f8-4cca-ad96-a918fed8c439','EXPENSE',3400,date '2026-02-19','ast03_card_sub','출퇴근 대중교통','cat03_r_transport','cat03_c_trans_public','MANUAL',null),
('tx03_20260219_04','2d2f6732-66f8-4cca-ad96-a918fed8c439','EXPENSE',14000,date '2026-02-19','ast03_card_main','퇴근 후 저녁','cat03_r_food','cat03_c_food_dining','MANUAL',null),
('tx03_20260220_01','2d2f6732-66f8-4cca-ad96-a918fed8c439','EXPENSE',9500,date '2026-02-20','ast03_card_main','회사 근처 점심','cat03_r_food','cat03_c_food_dining','MANUAL',null),
('tx03_20260220_02','2d2f6732-66f8-4cca-ad96-a918fed8c439','EXPENSE',3800,date '2026-02-20','ast03_cash_wallet','오후 커피','cat03_r_food','cat03_c_food_coffee','MANUAL',null),
('tx03_20260220_03','2d2f6732-66f8-4cca-ad96-a918fed8c439','EXPENSE',3400,date '2026-02-20','ast03_card_sub','출퇴근 대중교통','cat03_r_transport','cat03_c_trans_public','MANUAL',null),
('tx03_20260220_04','2d2f6732-66f8-4cca-ad96-a918fed8c439','EXPENSE',26000,date '2026-02-20','ast03_card_main','퇴근 후 저녁','cat03_r_food','cat03_c_food_dining','MANUAL',null),
('tx03_20260221_01','2d2f6732-66f8-4cca-ad96-a918fed8c439','EXPENSE',58000,date '2026-02-21','ast03_card_main','주말 장보기','cat03_r_food','cat03_c_food_grocery','MANUAL',null),
('tx03_20260221_02','2d2f6732-66f8-4cca-ad96-a918fed8c439','EXPENSE',41000,date '2026-02-21','ast03_card_sub','주말 외식/데이트','cat03_r_food','cat03_c_food_dining','MANUAL',null),
('tx03_20260222_01','2d2f6732-66f8-4cca-ad96-a918fed8c439','EXPENSE',28000,date '2026-02-22','ast03_card_main','주말 장보기','cat03_r_food','cat03_c_food_grocery','MANUAL',null),
('tx03_20260222_02','2d2f6732-66f8-4cca-ad96-a918fed8c439','EXPENSE',56000,date '2026-02-22','ast03_card_sub','주말 외식/데이트','cat03_r_food','cat03_c_food_dining','MANUAL',null),
('tx03_20260223_01','2d2f6732-66f8-4cca-ad96-a918fed8c439','EXPENSE',9500,date '2026-02-23','ast03_card_main','회사 근처 점심','cat03_r_food','cat03_c_food_dining','MANUAL',null),
('tx03_20260223_02','2d2f6732-66f8-4cca-ad96-a918fed8c439','EXPENSE',4900,date '2026-02-23','ast03_cash_wallet','오후 커피','cat03_r_food','cat03_c_food_coffee','MANUAL',null),
('tx03_20260223_03','2d2f6732-66f8-4cca-ad96-a918fed8c439','EXPENSE',3400,date '2026-02-23','ast03_card_sub','출퇴근 대중교통','cat03_r_transport','cat03_c_trans_public','MANUAL',null),
('tx03_20260223_04','2d2f6732-66f8-4cca-ad96-a918fed8c439','EXPENSE',18000,date '2026-02-23','ast03_card_main','퇴근 후 저녁','cat03_r_food','cat03_c_food_dining','MANUAL',null),
('tx03_20260224_01','2d2f6732-66f8-4cca-ad96-a918fed8c439','EXPENSE',12000,date '2026-02-24','ast03_card_main','회사 근처 점심','cat03_r_food','cat03_c_food_dining','MANUAL',null),
('tx03_20260224_02','2d2f6732-66f8-4cca-ad96-a918fed8c439','EXPENSE',4200,date '2026-02-24','ast03_cash_wallet','오후 커피','cat03_r_food','cat03_c_food_coffee','MANUAL',null),
('tx03_20260224_03','2d2f6732-66f8-4cca-ad96-a918fed8c439','EXPENSE',3400,date '2026-02-24','ast03_card_sub','출퇴근 대중교통','cat03_r_transport','cat03_c_trans_public','MANUAL',null),
('tx03_20260225_01','2d2f6732-66f8-4cca-ad96-a918fed8c439','EXPENSE',10000,date '2026-02-25','ast03_card_sub','회사 근처 점심','cat03_r_food','cat03_c_food_dining','MANUAL',null),
('tx03_20260225_02','2d2f6732-66f8-4cca-ad96-a918fed8c439','EXPENSE',5500,date '2026-02-25','ast03_cash_wallet','오후 커피','cat03_r_food','cat03_c_food_coffee','MANUAL',null),
('tx03_20260225_03','2d2f6732-66f8-4cca-ad96-a918fed8c439','EXPENSE',3400,date '2026-02-25','ast03_card_sub','출퇴근 대중교통','cat03_r_transport','cat03_c_trans_public','MANUAL',null),
('tx03_20260226_01','2d2f6732-66f8-4cca-ad96-a918fed8c439','EXPENSE',11000,date '2026-02-26','ast03_cash_wallet','회사 근처 점심','cat03_r_food','cat03_c_food_dining','MANUAL',null),
('tx03_20260226_02','2d2f6732-66f8-4cca-ad96-a918fed8c439','EXPENSE',3400,date '2026-02-26','ast03_card_sub','출퇴근 대중교통','cat03_r_transport','cat03_c_trans_public','MANUAL',null),
('tx03_20260227_01','2d2f6732-66f8-4cca-ad96-a918fed8c439','EXPENSE',12000,date '2026-02-27','ast03_card_main','회사 근처 점심','cat03_r_food','cat03_c_food_dining','MANUAL',null),
('tx03_20260227_02','2d2f6732-66f8-4cca-ad96-a918fed8c439','EXPENSE',6000,date '2026-02-27','ast03_card_main','오후 커피','cat03_r_food','cat03_c_food_coffee','MANUAL',null),
('tx03_20260227_03','2d2f6732-66f8-4cca-ad96-a918fed8c439','EXPENSE',3400,date '2026-02-27','ast03_card_sub','출퇴근 대중교통','cat03_r_transport','cat03_c_trans_public','MANUAL',null),
('tx03_20260227_04','2d2f6732-66f8-4cca-ad96-a918fed8c439','EXPENSE',22000,date '2026-02-27','ast03_card_main','퇴근 후 저녁','cat03_r_food','cat03_c_food_dining','MANUAL',null),
('tx03_20260228_01','2d2f6732-66f8-4cca-ad96-a918fed8c439','EXPENSE',58000,date '2026-02-28','ast03_card_main','주말 장보기','cat03_r_food','cat03_c_food_grocery','MANUAL',null),
('tx03_20260228_02','2d2f6732-66f8-4cca-ad96-a918fed8c439','EXPENSE',56000,date '2026-02-28','ast03_card_sub','주말 외식/데이트','cat03_r_food','cat03_c_food_dining','MANUAL',null),
('tx03_extra_01','2d2f6732-66f8-4cca-ad96-a918fed8c439','EXPENSE',42000,date '2026-02-02','ast03_bank_checking','전기/수도요금','cat03_r_housing','cat03_c_house_sub','MANUAL',null),
('tx03_extra_02','2d2f6732-66f8-4cca-ad96-a918fed8c439','EXPENSE',89000,date '2026-02-07','ast03_card_main','마트 생필품','cat03_r_food','cat03_c_food_grocery','MANUAL',null),
('tx03_extra_03','2d2f6732-66f8-4cca-ad96-a918fed8c439','EXPENSE',23000,date '2026-02-09','ast03_card_sub','택시 귀가','cat03_r_transport','cat03_c_trans_taxi','MANUAL',null),
('tx03_extra_04','2d2f6732-66f8-4cca-ad96-a918fed8c439','EXPENSE',31000,date '2026-02-11','ast03_card_main','약국/상비약','cat03_r_health','cat03_c_health_hospital','MANUAL',null),
('tx03_extra_05','2d2f6732-66f8-4cca-ad96-a918fed8c439','EXPENSE',75000,date '2026-02-13','ast03_card_sub','회사 회식','cat03_r_food','cat03_c_food_dining','MANUAL',null),
('tx03_extra_06','2d2f6732-66f8-4cca-ad96-a918fed8c439','EXPENSE',128000,date '2026-02-16','ast03_card_main','봄옷 쇼핑','cat03_r_life','cat03_c_life_shopping','MANUAL',null),
('tx03_extra_07','2d2f6732-66f8-4cca-ad96-a918fed8c439','EXPENSE',48000,date '2026-02-18','ast03_card_main','미용실','cat03_r_health','cat03_c_health_beauty','MANUAL',null),
('tx03_extra_08','2d2f6732-66f8-4cca-ad96-a918fed8c439','EXPENSE',160000,date '2026-02-21','ast03_card_sub','부모님 선물','cat03_r_life','cat03_c_life_event','MANUAL',null),
('tx03_extra_09','2d2f6732-66f8-4cca-ad96-a918fed8c439','EXPENSE',15400,date '2026-02-23','ast03_cash_wallet','편의점 야식','cat03_r_food','cat03_c_food_grocery','MANUAL',null),
('tx03_extra_10','2d2f6732-66f8-4cca-ad96-a918fed8c439','EXPENSE',27000,date '2026-02-24','ast03_card_sub','병원 진료','cat03_r_health','cat03_c_health_hospital','MANUAL',null),
('tx03_extra_11','2d2f6732-66f8-4cca-ad96-a918fed8c439','EXPENSE',65000,date '2026-02-27','ast03_card_main','친구 결혼식 축의','cat03_r_life','cat03_c_life_event','MANUAL',null),
('tx03_extra_12','2d2f6732-66f8-4cca-ad96-a918fed8c439','EXPENSE',22000,date '2026-02-28','ast03_card_sub','주차+톨비','cat03_r_transport','cat03_c_trans_fuel','MANUAL',null)
on conflict (transaction_id) do update set owner_user_id=excluded.owner_user_id, transaction_type=excluded.transaction_type, amount=excluded.amount, transaction_date=excluded.transaction_date, asset_id=excluded.asset_id, memo=excluded.memo, category_id_level1=excluded.category_id_level1, category_id_level2=excluded.category_id_level2, source_type=excluded.source_type, fixed_cost_template_id=excluded.fixed_cost_template_id;
insert into transaction_tag (transaction_id, tag_id, owner_user_id) values
('tx03_20260205_salary','tag03_work','2d2f6732-66f8-4cca-ad96-a918fed8c439'),
('tx03_20260226_bonus','tag03_work','2d2f6732-66f8-4cca-ad96-a918fed8c439'),
('tx03_20260201_rent','tag03_fixed','2d2f6732-66f8-4cca-ad96-a918fed8c439'),
('tx03_20260210_phone','tag03_fixed','2d2f6732-66f8-4cca-ad96-a918fed8c439'),
('tx03_20260215_insurance','tag03_fixed','2d2f6732-66f8-4cca-ad96-a918fed8c439'),
('tx03_20260203_gym','tag03_fixed','2d2f6732-66f8-4cca-ad96-a918fed8c439'),
('tx03_20260220_ott','tag03_fixed','2d2f6732-66f8-4cca-ad96-a918fed8c439'),
('tx03_20260220_ott','tag03_subs','2d2f6732-66f8-4cca-ad96-a918fed8c439'),
('tx03_20260201_01','tag03_date','2d2f6732-66f8-4cca-ad96-a918fed8c439'),
('tx03_20260201_01','tag03_weekend','2d2f6732-66f8-4cca-ad96-a918fed8c439'),
('tx03_20260202_01','tag03_lunch','2d2f6732-66f8-4cca-ad96-a918fed8c439'),
('tx03_20260202_01','tag03_work','2d2f6732-66f8-4cca-ad96-a918fed8c439'),
('tx03_20260202_02','tag03_transport','2d2f6732-66f8-4cca-ad96-a918fed8c439'),
('tx03_20260203_01','tag03_lunch','2d2f6732-66f8-4cca-ad96-a918fed8c439'),
('tx03_20260203_01','tag03_work','2d2f6732-66f8-4cca-ad96-a918fed8c439'),
('tx03_20260203_03','tag03_transport','2d2f6732-66f8-4cca-ad96-a918fed8c439'),
('tx03_20260204_01','tag03_lunch','2d2f6732-66f8-4cca-ad96-a918fed8c439'),
('tx03_20260204_01','tag03_work','2d2f6732-66f8-4cca-ad96-a918fed8c439'),
('tx03_20260204_02','tag03_transport','2d2f6732-66f8-4cca-ad96-a918fed8c439'),
('tx03_20260205_01','tag03_lunch','2d2f6732-66f8-4cca-ad96-a918fed8c439'),
('tx03_20260205_01','tag03_work','2d2f6732-66f8-4cca-ad96-a918fed8c439'),
('tx03_20260205_03','tag03_transport','2d2f6732-66f8-4cca-ad96-a918fed8c439'),
('tx03_20260206_01','tag03_lunch','2d2f6732-66f8-4cca-ad96-a918fed8c439'),
('tx03_20260206_01','tag03_work','2d2f6732-66f8-4cca-ad96-a918fed8c439'),
('tx03_20260206_02','tag03_transport','2d2f6732-66f8-4cca-ad96-a918fed8c439'),
('tx03_20260207_01','tag03_weekend','2d2f6732-66f8-4cca-ad96-a918fed8c439'),
('tx03_20260207_01','tag03_grocery','2d2f6732-66f8-4cca-ad96-a918fed8c439'),
('tx03_20260207_02','tag03_date','2d2f6732-66f8-4cca-ad96-a918fed8c439'),
('tx03_20260207_02','tag03_weekend','2d2f6732-66f8-4cca-ad96-a918fed8c439'),
('tx03_20260208_01','tag03_date','2d2f6732-66f8-4cca-ad96-a918fed8c439'),
('tx03_20260208_01','tag03_weekend','2d2f6732-66f8-4cca-ad96-a918fed8c439'),
('tx03_20260209_01','tag03_lunch','2d2f6732-66f8-4cca-ad96-a918fed8c439'),
('tx03_20260209_01','tag03_work','2d2f6732-66f8-4cca-ad96-a918fed8c439'),
('tx03_20260209_03','tag03_transport','2d2f6732-66f8-4cca-ad96-a918fed8c439'),
('tx03_20260210_01','tag03_lunch','2d2f6732-66f8-4cca-ad96-a918fed8c439'),
('tx03_20260210_01','tag03_work','2d2f6732-66f8-4cca-ad96-a918fed8c439'),
('tx03_20260210_03','tag03_transport','2d2f6732-66f8-4cca-ad96-a918fed8c439'),
('tx03_20260211_01','tag03_lunch','2d2f6732-66f8-4cca-ad96-a918fed8c439'),
('tx03_20260211_01','tag03_work','2d2f6732-66f8-4cca-ad96-a918fed8c439'),
('tx03_20260211_03','tag03_transport','2d2f6732-66f8-4cca-ad96-a918fed8c439'),
('tx03_20260212_01','tag03_lunch','2d2f6732-66f8-4cca-ad96-a918fed8c439'),
('tx03_20260212_01','tag03_work','2d2f6732-66f8-4cca-ad96-a918fed8c439'),
('tx03_20260212_03','tag03_transport','2d2f6732-66f8-4cca-ad96-a918fed8c439'),
('tx03_20260213_01','tag03_lunch','2d2f6732-66f8-4cca-ad96-a918fed8c439'),
('tx03_20260213_01','tag03_work','2d2f6732-66f8-4cca-ad96-a918fed8c439'),
('tx03_20260213_03','tag03_transport','2d2f6732-66f8-4cca-ad96-a918fed8c439'),
('tx03_20260214_01','tag03_weekend','2d2f6732-66f8-4cca-ad96-a918fed8c439'),
('tx03_20260214_01','tag03_grocery','2d2f6732-66f8-4cca-ad96-a918fed8c439'),
('tx03_20260214_02','tag03_date','2d2f6732-66f8-4cca-ad96-a918fed8c439'),
('tx03_20260214_02','tag03_weekend','2d2f6732-66f8-4cca-ad96-a918fed8c439'),
('tx03_20260216_01','tag03_lunch','2d2f6732-66f8-4cca-ad96-a918fed8c439'),
('tx03_20260216_01','tag03_work','2d2f6732-66f8-4cca-ad96-a918fed8c439'),
('tx03_20260216_03','tag03_transport','2d2f6732-66f8-4cca-ad96-a918fed8c439'),
('tx03_20260217_01','tag03_lunch','2d2f6732-66f8-4cca-ad96-a918fed8c439'),
('tx03_20260217_01','tag03_work','2d2f6732-66f8-4cca-ad96-a918fed8c439'),
('tx03_20260217_03','tag03_transport','2d2f6732-66f8-4cca-ad96-a918fed8c439'),
('tx03_20260218_01','tag03_lunch','2d2f6732-66f8-4cca-ad96-a918fed8c439'),
('tx03_20260218_01','tag03_work','2d2f6732-66f8-4cca-ad96-a918fed8c439'),
('tx03_20260218_03','tag03_transport','2d2f6732-66f8-4cca-ad96-a918fed8c439'),
('tx03_20260219_01','tag03_lunch','2d2f6732-66f8-4cca-ad96-a918fed8c439'),
('tx03_20260219_01','tag03_work','2d2f6732-66f8-4cca-ad96-a918fed8c439'),
('tx03_20260219_03','tag03_transport','2d2f6732-66f8-4cca-ad96-a918fed8c439'),
('tx03_20260220_01','tag03_lunch','2d2f6732-66f8-4cca-ad96-a918fed8c439'),
('tx03_20260220_01','tag03_work','2d2f6732-66f8-4cca-ad96-a918fed8c439'),
('tx03_20260220_03','tag03_transport','2d2f6732-66f8-4cca-ad96-a918fed8c439'),
('tx03_20260221_01','tag03_weekend','2d2f6732-66f8-4cca-ad96-a918fed8c439'),
('tx03_20260221_01','tag03_grocery','2d2f6732-66f8-4cca-ad96-a918fed8c439'),
('tx03_20260221_02','tag03_date','2d2f6732-66f8-4cca-ad96-a918fed8c439'),
('tx03_20260221_02','tag03_weekend','2d2f6732-66f8-4cca-ad96-a918fed8c439'),
('tx03_20260222_01','tag03_weekend','2d2f6732-66f8-4cca-ad96-a918fed8c439'),
('tx03_20260222_01','tag03_grocery','2d2f6732-66f8-4cca-ad96-a918fed8c439'),
('tx03_20260222_02','tag03_date','2d2f6732-66f8-4cca-ad96-a918fed8c439'),
('tx03_20260222_02','tag03_weekend','2d2f6732-66f8-4cca-ad96-a918fed8c439'),
('tx03_20260223_01','tag03_lunch','2d2f6732-66f8-4cca-ad96-a918fed8c439'),
('tx03_20260223_01','tag03_work','2d2f6732-66f8-4cca-ad96-a918fed8c439'),
('tx03_20260223_03','tag03_transport','2d2f6732-66f8-4cca-ad96-a918fed8c439'),
('tx03_20260224_01','tag03_lunch','2d2f6732-66f8-4cca-ad96-a918fed8c439'),
('tx03_20260224_01','tag03_work','2d2f6732-66f8-4cca-ad96-a918fed8c439'),
('tx03_20260224_03','tag03_transport','2d2f6732-66f8-4cca-ad96-a918fed8c439'),
('tx03_20260225_01','tag03_lunch','2d2f6732-66f8-4cca-ad96-a918fed8c439'),
('tx03_20260225_01','tag03_work','2d2f6732-66f8-4cca-ad96-a918fed8c439'),
('tx03_20260225_03','tag03_transport','2d2f6732-66f8-4cca-ad96-a918fed8c439'),
('tx03_20260226_01','tag03_lunch','2d2f6732-66f8-4cca-ad96-a918fed8c439'),
('tx03_20260226_01','tag03_work','2d2f6732-66f8-4cca-ad96-a918fed8c439'),
('tx03_20260226_02','tag03_transport','2d2f6732-66f8-4cca-ad96-a918fed8c439'),
('tx03_20260227_01','tag03_lunch','2d2f6732-66f8-4cca-ad96-a918fed8c439'),
('tx03_20260227_01','tag03_work','2d2f6732-66f8-4cca-ad96-a918fed8c439'),
('tx03_20260227_03','tag03_transport','2d2f6732-66f8-4cca-ad96-a918fed8c439'),
('tx03_20260228_01','tag03_weekend','2d2f6732-66f8-4cca-ad96-a918fed8c439'),
('tx03_20260228_01','tag03_grocery','2d2f6732-66f8-4cca-ad96-a918fed8c439'),
('tx03_20260228_02','tag03_date','2d2f6732-66f8-4cca-ad96-a918fed8c439'),
('tx03_20260228_02','tag03_weekend','2d2f6732-66f8-4cca-ad96-a918fed8c439'),
('tx03_extra_01','tag03_fixed','2d2f6732-66f8-4cca-ad96-a918fed8c439'),
('tx03_extra_02','tag03_grocery','2d2f6732-66f8-4cca-ad96-a918fed8c439'),
('tx03_extra_03','tag03_transport','2d2f6732-66f8-4cca-ad96-a918fed8c439'),
('tx03_extra_04','tag03_health','2d2f6732-66f8-4cca-ad96-a918fed8c439'),
('tx03_extra_05','tag03_work','2d2f6732-66f8-4cca-ad96-a918fed8c439'),
('tx03_extra_07','tag03_health','2d2f6732-66f8-4cca-ad96-a918fed8c439'),
('tx03_extra_10','tag03_health','2d2f6732-66f8-4cca-ad96-a918fed8c439'),
('tx03_extra_12','tag03_transport','2d2f6732-66f8-4cca-ad96-a918fed8c439')
on conflict (transaction_id, tag_id) do nothing;
insert into transfer (transfer_id, owner_user_id, from_asset_id, to_asset_id, amount, transfer_date, memo, created_at, updated_at) values
('tr03_20260205_01','2d2f6732-66f8-4cca-ad96-a918fed8c439','ast03_bank_checking','ast03_bank_savings',1200000,date '2026-02-05','급여 저축 이체',now(),now()),
('tr03_20260206_01','2d2f6732-66f8-4cca-ad96-a918fed8c439','ast03_bank_checking','ast03_cash_wallet',200000,date '2026-02-06','생활비 현금 인출',now(),now()),
('tr03_20260212_01','2d2f6732-66f8-4cca-ad96-a918fed8c439','ast03_bank_checking','ast03_card_main',350000,date '2026-02-12','카드대금 충전',now(),now()),
('tr03_20260219_01','2d2f6732-66f8-4cca-ad96-a918fed8c439','ast03_bank_checking','ast03_card_sub',220000,date '2026-02-19','서브카드 결제',now(),now()),
('tr03_20260222_01','2d2f6732-66f8-4cca-ad96-a918fed8c439','ast03_bank_savings','ast03_bank_checking',300000,date '2026-02-22','비상금 일부 복구',now(),now()),
('tr03_20260227_01','2d2f6732-66f8-4cca-ad96-a918fed8c439','ast03_bank_checking','ast03_bank_savings',500000,date '2026-02-27','월말 잔액 저축',now(),now())
on conflict (transfer_id) do update set owner_user_id=excluded.owner_user_id, from_asset_id=excluded.from_asset_id, to_asset_id=excluded.to_asset_id, amount=excluded.amount, transfer_date=excluded.transfer_date, memo=excluded.memo, updated_at=now();
insert into fixed_expense_execution (execution_id, definition_id, owner_user_id, definition_name, amount, asset_id, category_id_level1, category_id_level2, memo, scheduled_date, status, transaction_id, failure_reason, batch_job_execution_id, processed_at, created_at, updated_at) values
('fxe03_rent_202602','fxd03_rent','2d2f6732-66f8-4cca-ad96-a918fed8c439','월세',950000,'ast03_bank_checking','cat03_r_housing','cat03_c_house_rent','오피스텔 월세',date '2026-02-01','SUCCEEDED','tx03_20260201_rent',null,null,now(),now(),now()),
('fxe03_phone_202602','fxd03_phone','2d2f6732-66f8-4cca-ad96-a918fed8c439','휴대폰 요금',65000,'ast03_bank_checking','cat03_r_housing','cat03_c_house_phone','통신사 자동이체',date '2026-02-10','SUCCEEDED','tx03_20260210_phone',null,null,now(),now(),now()),
('fxe03_insurance_202602','fxd03_insurance','2d2f6732-66f8-4cca-ad96-a918fed8c439','보험료',128000,'ast03_bank_checking','cat03_r_health','cat03_c_health_hospital','실손+건강보험',date '2026-02-15','SUCCEEDED','tx03_20260215_insurance',null,null,now(),now(),now()),
('fxe03_gym_202602','fxd03_gym','2d2f6732-66f8-4cca-ad96-a918fed8c439','헬스장',55000,'ast03_card_main','cat03_r_health','cat03_c_health_fitness','헬스 이용권',date '2026-02-03','SUCCEEDED','tx03_20260203_gym',null,null,now(),now(),now()),
('fxe03_ott_202602','fxd03_ott','2d2f6732-66f8-4cca-ad96-a918fed8c439','OTT 구독',17000,'ast03_card_sub','cat03_r_housing','cat03_c_house_sub','영상 구독',date '2026-02-20','SUCCEEDED','tx03_20260220_ott',null,null,now(),now(),now())
on conflict (execution_id) do update set owner_user_id=excluded.owner_user_id, definition_name=excluded.definition_name, amount=excluded.amount, asset_id=excluded.asset_id, category_id_level1=excluded.category_id_level1, category_id_level2=excluded.category_id_level2, memo=excluded.memo, scheduled_date=excluded.scheduled_date, status=excluded.status, transaction_id=excluded.transaction_id, failure_reason=excluded.failure_reason, batch_job_execution_id=excluded.batch_job_execution_id, processed_at=excluded.processed_at, updated_at=now();
insert into notification (notification_id, owner_user_id, notification_type, title, message, reference_type, reference_id, is_read, read_at, created_at, updated_at) values
('noti03_20260215_budget50','2d2f6732-66f8-4cca-ad96-a918fed8c439','BUDGET_THRESHOLD_50','예산 50% 사용 알림','2월 전체 예산의 50%를 초과했습니다.','BUDGET','bud03_overall_2026_02',false,null,timestamptz '2026-02-15 21:00:00+09',now()),
('noti03_20260227_budget100','2d2f6732-66f8-4cca-ad96-a918fed8c439','BUDGET_THRESHOLD_100','예산 100% 사용 알림','2월 전체 예산을 초과했습니다.','BUDGET','bud03_overall_2026_02',false,null,timestamptz '2026-02-27 22:15:00+09',now()),
('noti03_fxd03_rent_auto','2d2f6732-66f8-4cca-ad96-a918fed8c439','FIXED_EXPENSE_AUTO_CREATED','고정비 자동 생성: fxd03_rent','고정비 정책에 따라 거래가 자동 생성되었습니다.','TRANSACTION','tx03_20260201_rent',false,null,timestamptz '2026-02-01 08:30:00+09',now()),
('noti03_fxd03_phone_auto','2d2f6732-66f8-4cca-ad96-a918fed8c439','FIXED_EXPENSE_AUTO_CREATED','고정비 자동 생성: fxd03_phone','고정비 정책에 따라 거래가 자동 생성되었습니다.','TRANSACTION','tx03_20260210_phone',false,null,timestamptz '2026-02-10 08:30:00+09',now()),
('noti03_fxd03_insurance_auto','2d2f6732-66f8-4cca-ad96-a918fed8c439','FIXED_EXPENSE_AUTO_CREATED','고정비 자동 생성: fxd03_insurance','고정비 정책에 따라 거래가 자동 생성되었습니다.','TRANSACTION','tx03_20260215_insurance',false,null,timestamptz '2026-02-15 08:30:00+09',now()),
('noti03_fxd03_gym_auto','2d2f6732-66f8-4cca-ad96-a918fed8c439','FIXED_EXPENSE_AUTO_CREATED','고정비 자동 생성: fxd03_gym','고정비 정책에 따라 거래가 자동 생성되었습니다.','TRANSACTION','tx03_20260203_gym',false,null,timestamptz '2026-02-03 08:30:00+09',now()),
('noti03_fxd03_ott_auto','2d2f6732-66f8-4cca-ad96-a918fed8c439','FIXED_EXPENSE_AUTO_CREATED','고정비 자동 생성: fxd03_ott','고정비 정책에 따라 거래가 자동 생성되었습니다.','TRANSACTION','tx03_20260220_ott',false,null,timestamptz '2026-02-20 08:30:00+09',now())
on conflict (notification_id) do update set owner_user_id=excluded.owner_user_id, notification_type=excluded.notification_type, title=excluded.title, message=excluded.message, reference_type=excluded.reference_type, reference_id=excluded.reference_id, is_read=excluded.is_read, read_at=excluded.read_at, created_at=excluded.created_at, updated_at=now();
commit;
